Workbook

Sheet README
A1: Supplementary Data 1: Milestone Database (Nature-Portfolio style)
A3: Purpose
A4: This spreadsheet contains (i) raw milestone timestamps for the Civilization and Life sequences, (ii) derived adjacent intervals Δt and their log transform, and (iii) model-fit outputs. It is designed to enable full reproduction of the key quantitative results and figures.
A6: Reference time convention
A7: Use a single, explicit 'Present_Year' for the conversion of BCE/CE to BP. Recommended: Present_Year = 2025 (year of analysis). Record it in the 'Provenance' sheet.
A9: How to use
A10: 1) Fill in 'Civilization_Nodes' and 'Life_Evolution_Nodes' sheets. 2) Ensure Node_ID runs from 1..14 and Time_BP_Median is populated for each node. 3) Derived sheets calculate Δt and ln(Δt) automatically. 4) 'Model_Fit' computes slope/intercept via LINEST and derives r = exp(slope) (natural log).
A12: Notes
A13: - Keep 'Time_BP_Lower' and 'Time_BP_Upper' when the literature reports ranges; the model uses the median (or chosen point estimate) recorded in Time_BP_Median. - If you use log10 instead of ln, update the formulas accordingly (r = 10^(slope)).
A14: - For era-labeled milestones (e.g., 'Late 20th Century', '21st Century'), this dataset operationalizes them as explicit year ranges (Computer/Digital: 1970–1990 CE; AI (early stage): 2015–2025 CE) to enable reproducible BP conversion and interval modeling. These operational choices are recorded in the 'Dating_Rationale' column.
A15: - IMPORTANT: 'Recent Research (2019–2025)' is a literature-review horizon (Table 1) and must not be interpreted as a milestone year. The ~2035±W result is a forecast window from model extrapolation and is stored in the 'Forecast_Window' sheet (output), not as an input node timestamp.

Sheet Provenance
A1: Field | B1: Value
A2: Dataset_Title | B2: Milestone database for exponential decay modeling (civilization & life)
A3: Dataset_Version | B3: v2.0
A4: Created_On | B4: 2026-02-02
A5: Created_By | B5: Zhu Congqian; Liu Zhiyuan (authors; data curation)
A6: Corresponding_Author | B6: Liu Zhiyuan
A7: Present_Year_for_BP | B7: 2025
A8: Log_Base | B8: ln (natural log)
A9: License | B9: CC BY 4.0 (recommended)

Sheet Data_Dictionary
A1: Column | B1: Meaning / Guidance
A2: Node_ID | B2: Integer 1..14 in chronological order (oldest -> newest).
A3: Node_Name | B3: Short milestone label
A4: Time_BP_Lower | B4: Lower bound of time estimate (years before present) if a range exists; otherwise blank.
A5: Time_BP_Upper | B5: Upper bound of time estimate (years before present) if a range exists; otherwise blank.
A6: Time_BP_Median | B6: Point estimate used for modeling (typically median of bounds; or best estimate).
A7: Unit | B7: Use 'years BP' consistently.
A8: Primary_Reference | B8: Foundational/authoritative reference supporting the milestone time and definition.
A9: Recent_Reference | B9: Recent literature (e.g., 2019–2025) supporting the milestone and/or updated evidence.
A10: Dating_Rationale | B10: One sentence: why this time is chosen (e.g., midpoint of range; consensus date; earliest robust evidence).
A11: Notes | B11: Any additional remarks (regional variability, alternative chronologies, etc.).
A12: Interval_Delta_t | B12: Δt between adjacent nodes: Time_BP[n] - Time_BP[n+1].
... A17: R_squared | B17: R² from the linear regression in ln-space.

Sheet Civilization_Nodes
A1: Node_ID | B1: Node_Name | C1: Time_BP_Lower | D1: Time_BP_Upper | E1: Time_BP_Median | F1: Unit | G1: Primary_Reference | H1: Recent_Reference | I1: Dating_Rationale | J1: Notes
A2: 1 | B2: Emergence of Genus Homo | C2: 3000000 | D2: 3000000 | E2: 3000000 | F2: years BP | G2: Weiner, J.S., 1962. The pattern of evolutionary development of the genus Homo. In Ideas on Human Evolution: Selected Essays, 1949–1961 (pp. 521–532). Harvard University Press. | H2: Ponce de León, M.S. et al., 2021. The primitive brain of early Homo. Science 372(6538): 165–171. | I2: Deep-time estimate expressed in years BP; point estimate used for modeling. | J2: Time_label: ~3 Ma. Approximate timing for earliest Homo (ca. 3 Ma) reported in paleoanthropological literature.
A3: 2 | B3: Systematic Stone Tool Use | C3: 2500000 | D3: 2500000 | E3: 2500000 | F3: years BP | G3: Binford, S.R. & Binford, L.R., 1969. Stone tools and human behavior. Scientific American 220(4): 70–87. | H3: Lewis, J.E. & Harmand, S., 2016. An earlier origin for stone tool making: implications for cognitive evolution and the transition to Homo. Philosophical Transactions of the Royal Society B 371(1698): 20150233. | I3: Deep-time estimate expressed in years BP; point estimate used for modeling. | J3: Time_label: ~2.5 Ma. Oldowan and early lithic traditions (approx.).
A4: 3 | B4: Control of Fire and Cooking | C4: 400000 | D4: 700000 | E4: 550000 | F4: years BP | G4: Rehder, J.E., 2000. Mastery and uses of fire in antiquity. McGill-Queen's University Press. | H4: McLauchlan, K.K. et al., 2020. Fire as a fundamental ecological process: research advances and frontiers. Journal of Ecology 108(5): 2047–2069. | I4: Deep-time estimate expressed in years BP; literature reports a range and both bounds are retained; median used for modeling. | J4: Time_label: 700–400 ka. Range reflects debate on habitual fire use.
A5: 4 | B5: Projectile/Throwing Weapons | C5: 300000 | D5: 300000 | E5: 300000 | F5: years BP | G5: Hughes, S.S., 1998. Getting to the point: evolutionary change in prehistoric weaponry. Journal of Archaeological Method and Theory 5(4): 345–408. | H5: Lombardo, M.P. & Deaner, R.O., 2018. Born to throw: the ecological causes that shaped the evolution of throwing in humans. The Quarterly Review of Biology 93(1): 1–16. | I5: Deep-time estimate expressed in years BP; point estimate used for modeling. | J5: Time_label: ~300 ka. Milestone centered on biomechanical/cognitive implications of accurate throwing.
A6: 5 | B6: Symbolic Language, Art, and Shared Intentionality | C6: 30000 | D6: 50000 | E6: 40000 | F6: years BP | G6: Henshilwood, C.S. & Dubreuil, B., 2017. The Still Bay and Howiesons Poort, 77–59 ka: symbolic material culture and modern human origins. Current Anthropology 58(S16): S3–S27. | H6: Finlayson, C., 2019. The smart Neanderthal: bird catching, cave art, and the cognitive revolution. Oxford University Press. | I6: Deep-time estimate expressed in years BP; literature reports a range and both bounds are retained; median used for modeling. | J6: Time_label: 50–30 ka. Approximate window for symbolic culture consolidation.
A7: 6 | B7: Neolithic Revolution (Agriculture) | C7: 12025 | D7: 12025 | E7: 12025 | F7: years BP | G7: Bar-Yosef, O., 1998. On the nature of transitions: the Middle to Upper Palaeolithic and the Neolithic Revolution. Cambridge Archaeological Journal 8(2): 141–163. | H7: Shavit, A. & Sharon, G., 2023. Can models of evolutionary transition clarify the debates over the Neolithic Revolution? Philosophical Transactions of the Royal Society B 378(1872): 20210413. | I7: Calendar estimate in BCE converted to BP using Present_Year=2025 (BP≈2025 + BCE_year). Where a range is given, bounds reflect literature window; median used for modeling. | J7: Time_label: ~10,000 BCE. Single-point approximation anchored at 10,000 BCE.
A8: 7 | B8: Formation of Cities and States | C8: 5025 | D8: 6025 | E8: 5525 | F8: years BP | G8: Ur, J.A., 2014. Households and the emergence of cities in ancient Mesopotamia. Cambridge University Press. | H8: Jessop, B., 2016. The state: past, present, future. Polity. | I8: Calendar estimate in BCE converted to BP using Present_Year=2025 (BP≈2025 + BCE_year). Where a range is given, bounds reflect literature window; median used for modeling. | J8: Time_label: 4000–3000 BCE. Range reflects gradual urban/state formation across regions.
A9: 8 | B9: Invention of Writing | C9: 5125 | D9: 5125 | E9: 5125 | F9: years BP | G9: Senner, W.M. (Ed.), 1991. The origins of writing. University of Nebraska Press. | H9: Schmandt-Besserat, D., 2018. The earliest precursor of writing. In Communication in History (pp. 5–14). Routledge. | I9: Calendar estimate in BCE converted to BP using Present_Year=2025 (BP≈2025 + BCE_year). Where a range is given, bounds reflect literature window; median used for modeling. | J9: Time_label: ~3100 BCE. Anchored on earliest Mesopotamian writing systems (approx.).
A10: 9 | B10: Axial Age Philosophical Breakthrough | C10: 2525 | D10: 2625 | E10: 2575 | F10: years BP | G10: Eisenstadt, S.N. (Ed.), 2012. The origins and diversity of axial age civilizations. SUNY Press. | H10: Mullins, D.A. et al., 2018. A systematic assessment of “Axial Age” proposals using global comparative historical evidence. American Sociological Review 83(3): 596–626. | I10: Calendar estimate in BCE converted to BP using Present_Year=2025 (BP≈2025 + BCE_year). Where a range is given, bounds reflect literature window; median used for modeling. | J10: Time_label: 6th–5th century BCE. Century-based dating; modeled as a range.
A11: 10 | B11: Formation and Diffusion of World Religions | C11: 1325 | D11: 2024 | E11: 1674.5 | F11: years BP | G11: Bellah, R.N., 1970. Religious evolution. In Readings in Social Evolution and Development (pp. 211–244). Pergamon. | H11: Masuzawa, T., 2024. The invention of world religions. University of Chicago Press. | I11: Century-based estimate converted to BP using Present_Year=2025 (BP≈2025 + BCE_year). Bounds represent the century window; median used for modeling. | J11: Time_label: 1st–7th century CE. Range captures formation + diffusion dynamics across Eurasia.
A12: 11 | B12: Newton's Laws of Motion | C12: 338 | D12: 338 | E12: 338 | F12: years BP | G12: McIntyre, J. et al., 2001. Does the brain model Newton's laws? Nature Neuroscience 4(7): 693–694. | H12: Susskind, L., 2020. Complexity and Newton's laws. Frontiers in Physics 8: 262. | I12: Calendar estimate in CE converted to BP using Present_Year=2025 (BP=2025−CE_year). Point estimate anchored on canonical publication year. | J12: Time_label: 1687 CE. Anchored on Principia (1687) as canonical publication date.
A13: 12 | B13: Quantum Mechanics | C13: 125 | D13: 125 | E13: 125 | F13: years BP | G13: Messiah, A., 2014. Quantum mechanics. Courier Corporation. | H13: Sakurai, J.J. & Napolitano, J., 2020. Modern quantum mechanics. Cambridge University Press. | I13: Calendar estimate in CE converted to BP using Present_Year=2025 (BP=2025−CE_year). Point estimate anchored on canonical publication year. | J13: Time_label: ~1900 CE. Anchored on early 20th-century onset (Planck era).
... A15: 14 | B15: Artificial Intelligence Revolution (Early Stage) | C15: 5 | D15: 15 | E15: 10 | F15: years BP | G15: Makridakis, S., 2017. The forthcoming Artificial Intelligence (AI) revolution: its impact on society and firms. Futures 90: 46–60. | H15: Afjal, M. et al., 2025. Artificial intelligence in robotics: a comprehensive review. Artificial Intelligence Review 58(2): 132. | I15: Operationalized within the manuscript's '21st Century (Early Stage)' label: mapped to 2010–2020 CE for numeric BP conversion under Present_Year_for_BP=2025; median used for modeling; adjust bounds if a different operational window is adopted. | J15: Time_label: 21st Century (Early Stage). Numeric window set to 2010–2020 to avoid conflating the literature-review horizon (2019–2025) or the BP reference year (2025) with a milestone date. Note: the ~2035±W window reported in the paper is a model-extrapolated *future* transition window, not an input node timestamp.

Sheet Life_Evolution_Nodes
A1: Node_ID | B1: Node_Name | C1: Time_BP_Lower | D1: Time_BP_Upper | E1: Time_BP_Median | F1: Unit | G1: Primary_Reference | H1: Recent_Reference | I1: Dating_Rationale | J1: Notes
A2: 1 | B2: Origin of Life | C2: 3900000000 | D2: 3900000000 | E2: 3900000000 | F2: years BP | G2: Orgel, L.E., 1994. The origin of life on the Earth. Scientific American 271(4): 76–83. | H2: Panov, A.D., 2005. Scaling law of the biological evolution and the hypothesis of the self-consistent galaxy origin of life. Advances in Space Research 36(2): 220–225. | I2: Reported ages in Ga/Ma/ka were converted to years BP (1 Ga=10^9, 1 Ma=10^6, 1 ka=10^3 years). Point estimates are used for sequence modeling; where multiple sources exist, references indicate support. | J2: Time_label: ~3.9 Ga. Deep-time estimate; treated as point for modeling.
A3: 2 | B3: Great Oxidation Event | C3: 2400000000 | D3: 2400000000 | E3: 2400000000 | F3: years BP | G3: Gumsley, A.P. et al., 2017. Timing and tempo of the Great Oxidation Event. Proceedings of the National Academy of Sciences 114(8): 1811–1816. | I3: Reported ages in Ga/Ma/ka were converted to years BP (1 Ga=10^9, 1 Ma=10^6, 1 ka=10^3 years). Point estimates are used for sequence modeling; where multiple sources exist, references indicate support. | J3: Time_label: ~2.4 Ga. Anchored on geochemical constraints summarized in Gumsley et al.
A4: 3 | B4: Appearance of Eukaryotes | C4: 1800000000 | D4: 1800000000 | E4: 1800000000 | F4: years BP | G4: Vellai, T. & Vida, G., 1999. The origin of eukaryotes: the difference between prokaryotic and eukaryotic cells. Proceedings of the Royal Society B 266(1428): 1571–1577. | H4: Poole, A.M. & Gribaldo, S., 2014. Eukaryotic origins: how and when was the mitochondrion acquired? Cold Spring Harbor Perspectives in Biology 6(12): a015990. | I4: Reported ages in Ga/Ma/ka were converted to years BP (1 Ga=10^9, 1 Ma=10^6, 1 ka=10^3 years). Point estimates are used for sequence modeling; where multiple sources exist, references indicate support. | J4: Time_label: ~1.8 Ga. Eukaryogenesis timing is uncertain; point estimate used for sequence modeling.
A5: 4 | B5: Spread of Sexual Reproduction | C5: 1000000000 | D5: 1000000000 | E5: 1000000000 | F5: years BP | G5: Poole, A.M. & Gribaldo, S., 2014. Eukaryotic origins: how and when was the mitochondrion acquired? Cold Spring Harbor Perspectives in Biology 6(12): a015990. | I5: Reported ages in Ga/Ma/ka were converted to years BP (1 Ga=10^9, 1 Ma=10^6, 1 ka=10^3 years). Point estimates are used for sequence modeling; where multiple sources exist, references indicate support. | J5: Time_label: ~1.0 Ga. Operational milestone for major transitions associated with sex.
A6: 5 | B6: Establishment of Multicellularity | C6: 800000000 | D6: 800000000 | E6: 800000000 | F6: years BP | G6: Niklas, K.J., 2014. The evolutionary-developmental origins of multicellularity. American Journal of Botany 101(1): 6–25. | I6: Reported ages in Ga/Ma/ka were converted to years BP (1 Ga=10^9, 1 Ma=10^6, 1 ka=10^3 years). Point estimates are used for sequence modeling; where multiple sources exist, references indicate support. | J6: Time_label: ~0.8 Ga. Multicellularity evolved multiple times; representative estimate used.
A7: 6 | B7: Establishment of Metazoan Lineage | C7: 541000000 | D7: 541000000 | E7: 541000000 | F7: years BP | G7: Lake, J.A., 1990. Origin of the metazoa. Proceedings of the National Academy of Sciences 87(19): 763–766. | I7: Reported ages in Ga/Ma/ka were converted to years BP (1 Ga=10^9, 1 Ma=10^6, 1 ka=10^3 years). Point estimates are used for sequence modeling; where multiple sources exist, references indicate support. | J7: Time_label: 541 Ma. Anchored near the Cambrian boundary.
A8: 7 | B8: Jawed Vertebrates | C8: 430000000 | D8: 430000000 | E8: 430000000 | F8: years BP | G8: Forey, P., 1995. The origin of jawed vertebrates. In Major Events in the History of Life (pp. 273–281). Jones & Bartlett. | I8: Reported ages in Ga/Ma/ka were converted to years BP (1 Ga=10^9, 1 Ma=10^6, 1 ka=10^3 years). Point estimates are used for sequence modeling; where multiple sources exist, references indicate support. | J8: Time_label: 430 Ma. Silurian estimate (approx.).
A9: 8 | B9: Tetrapod Terrestrialization | C9: 370000000 | D9: 370000000 | E9: 370000000 | F9: years BP | G9: Clack, J.A., 2012. Gaining Ground: The Origin and Evolution of Tetrapods (2nd ed.). Indiana University Press. | H9: Fukuhara, K. et al., 2022. The origin of terrestrial locomotion: a review. Integrative and Comparative Biology 62(2): 221–232. | I9: Reported ages in Ga/Ma/ka were converted to years BP (1 Ga=10^9, 1 Ma=10^6, 1 ka=10^3 years). Point estimates are used for sequence modeling; where multiple sources exist, references indicate support. | J9: Time_label: 370 Ma. Representative estimate for Devonian land transition.
A10: 9 | B10: Amniotes | C10: 312000000 | D10: 312000000 | E10: 312000000 | F10: years BP | G10: Reisz, R.R., 1997. The origin and early evolutionary history of amniotes. Trends in Ecology & Evolution 12(6): 218–222. | H10: Reisz, R.R. & Modesto, S.P., 2016. Archerpeton anthracos from the Joggins Formation and the early radiation of amniotes. The Anatomical Record 299(6): 747–759. | I10: Reported ages in Ga/Ma/ka were converted to years BP (1 Ga=10^9, 1 Ma=10^6, 1 ka=10^3 years). Point estimates are used for sequence modeling; where multiple sources exist, references indicate support. | J10: Time_label: 312 Ma. Late Carboniferous estimate.
A11: 10 | B11: Key Innovations in Mammaliaforms | C11: 210000000 | D11: 210000000 | E11: 210000000 | F11: years BP | G11: Hunter, J.P. & Jernvall, J., 1995. The hypocone as a key innovation in mammalian evolution. Proceedings of the National Academy of Sciences 92(23): 10718–10722. | I11: Reported ages in Ga/Ma/ka were converted to years BP (1 Ga=10^9, 1 Ma=10^6, 1 ka=10^3 years). Point estimates are used for sequence modeling; where multiple sources exist, references indicate support. | J11: Time_label: 210 Ma. Triassic–Jurassic mammaliaform diversification (approx.).
A12: 11 | B12: Mammalian Expansion after K–Pg | C12: 66000000 | D12: 66000000 | E12: 66000000 | F12: years BP | G12: Pires, M.M. et al., 2018. Pleistocene megafaunal extinctions and the functional diversity of mammals. Ecology Letters 21(4): 602–614. | I12: Reported ages in Ga/Ma/ka were converted to years BP (1 Ga=10^9, 1 Ma=10^6, 1 ka=10^3 years). Point estimates are used for sequence modeling; where multiple sources exist, references indicate support. | J12: Time_label: 66 Ma. Anchored on K–Pg boundary for expansion dynamics.
A13: 12 | B13: Primate Crown Group | C13: 25000000 | D13: 25000000 | E13: 25000000 | F13: years BP | G13: Macho, G.A., 2001. Primate phylogeny. In Encyclopedia of Life Sciences. John Wiley & Sons. | I13: Reported ages in Ga/Ma/ka were converted to years BP (1 Ga=10^9, 1 Ma=10^6, 1 ka=10^3 years). Point estimates are used for sequence modeling; where multiple sources exist, references indicate support. | J13: Time_label: 25 Ma. Oligocene estimate (approx.).
A14: 13 | B14: Hominin–Ape Divergence / Hominidae Establishment | C14: 7000000 | D14: 7000000 | E14: 7000000 | F14: years BP | G14: Andrews, P. & Harrison, T., 2005. The last common ancestor of apes and humans. In Interpreting the Past (pp. 103–120). Brill. | I14: Reported ages in Ga/Ma/ka were converted to years BP (1 Ga=10^9, 1 Ma=10^6, 1 ka=10^3 years). Point estimates are used for sequence modeling; where multiple sources exist, references indicate support. | J14: Time_label: 7 Ma. Late Miocene estimate (approx.).
A15: 14 | B15: Emergence of Homo sapiens | C15: 300000 | D15: 300000 | E15: 300000 | F15: years BP | G15: Stringer, C., 2016. The origin and evolution of Homo sapiens. Philosophical Transactions of the Royal Society B 371(1698): 20150237. | I15: Reported ages in Ga/Ma/ka were converted to years BP (1 Ga=10^9, 1 Ma=10^6, 1 ka=10^3 years). Point estimates are used for sequence modeling; where multiple sources exist, references indicate support. | J15: Time_label: 300 ka. Estimate for early anatomically modern humans.

Sheet Civilization_Intervals
A1: Node_ID(n) | B1: Node_ID(n+1) | C1: Time_BP(n) | D1: Time_BP(n+1) | E1: Interval_Delta_t | F1: Log_Interval_ln | G1: Notes
A2: 1 | B2: 2 | C2: =Civilization_Nodes!E2 -> 3000000 | D2: =Civilization_Nodes!E3 -> 2500000 | F2: =IF(ISNUMBER(E2),LN(E2),"")
A3: 2 | B3: 3 | C3: =Civilization_Nodes!E3 -> 2500000 | D3: =Civilization_Nodes!E4 -> 550000 | F3: =IF(ISNUMBER(E3),LN(E3),"")
A4: 3 | B4: 4 | C4: =Civilization_Nodes!E4 -> 550000 | D4: =Civilization_Nodes!E5 -> 300000 | F4: =IF(ISNUMBER(E4),LN(E4),"")
A5: 4 | B5: 5 | C5: =Civilization_Nodes!E5 -> 300000 | D5: =Civilization_Nodes!E6 -> 40000 | F5: =IF(ISNUMBER(E5),LN(E5),"")
A6: 5 | B6: 6 | C6: =Civilization_Nodes!E6 -> 40000 | D6: =Civilization_Nodes!E7 -> 12025 | F6: =IF(ISNUMBER(E6),LN(E6),"")
A7: 6 | B7: 7 | C7: =Civilization_Nodes!E7 -> 12025 | D7: =Civilization_Nodes!E8 -> 5525 | F7: =IF(ISNUMBER(E7),LN(E7),"")
A8: 7 | B8: 8 | C8: =Civilization_Nodes!E8 -> 5525 | D8: =Civilization_Nodes!E9 -> 5125 | F8: =IF(ISNUMBER(E8),LN(E8),"")
A9: 8 | B9: 9 | C9: =Civilization_Nodes!E9 -> 5125 | D9: =Civilization_Nodes!E10 -> 2575 | F9: =IF(ISNUMBER(E9),LN(E9),"")
A10: 9 | B10: 10 | C10: =Civilization_Nodes!E10 -> 2575 | D10: =Civilization_Nodes!E11 -> 1674.5 | F10: =IF(ISNUMBER(E10),LN(E10),"")
A11: 10 | B11: 11 | C11: =Civilization_Nodes!E11 -> 1674.5 | D11: =Civilization_Nodes!E12 -> 338 | F11: =IF(ISNUMBER(E11),LN(E11),"")
A12: 11 | B12: 12 | C12: =Civilization_Nodes!E12 -> 338 | D12: =Civilization_Nodes!E13 -> 125 | F12: =IF(ISNUMBER(E12),LN(E12),"")
A13: 12 | B13: 13 | C13: =Civilization_Nodes!E13 -> 125 | D13: =Civilization_Nodes!E14 -> 45 | F13: =IF(ISNUMBER(E13),LN(E13),"")
A14: 13 | B14: 14 | C14: =Civilization_Nodes!E14 -> 45 | D14: =Civilization_Nodes!E15 -> 10 | F14: =IF(ISNUMBER(E14),LN(E14),"")

Sheet Life_Intervals
A1: Node_ID(n) | B1: Node_ID(n+1) | C1: Time_BP(n) | D1: Time_BP(n+1) | E1: Interval_Delta_t | F1: Log_Interval_ln | G1: Notes
A2: 1 | B2: 2 | C2: =Life_Evolution_Nodes!E2 -> 3900000000 | D2: =Life_Evolution_Nodes!E3 -> 2400000000 | F2: =IF(ISNUMBER(E2),LN(E2),"")
A3: 2 | B3: 3 | C3: =Life_Evolution_Nodes!E3 -> 2400000000 | D3: =Life_Evolution_Nodes!E4 -> 1800000000 | F3: =IF(ISNUMBER(E3),LN(E3),"")
A4: 3 | B4: 4 | C4: =Life_Evolution_Nodes!E4 -> 1800000000 | D4: =Life_Evolution_Nodes!E5 -> 1000000000 | F4: =IF(ISNUMBER(E4),LN(E4),"")
A5: 4 | B5: 5 | C5: =Life_Evolution_Nodes!E5 -> 1000000000 | D5: =Life_Evolution_Nodes!E6 -> 800000000 | F5: =IF(ISNUMBER(E5),LN(E5),"")
A6: 5 | B6: 6 | C6: =Life_Evolution_Nodes!E6 -> 800000000 | D6: =Life_Evolution_Nodes!E7 -> 541000000 | F6: =IF(ISNUMBER(E6),LN(E6),"")
A7: 6 | B7: 7 | C7: =Life_Evolution_Nodes!E7 -> 541000000 | D7: =Life_Evolution_Nodes!E8 -> 430000000 | F7: =IF(ISNUMBER(E7),LN(E7),"")
A8: 7 | B8: 8 | C8: =Life_Evolution_Nodes!E8 -> 430000000 | D8: =Life_Evolution_Nodes!E9 -> 370000000 | F8: =IF(ISNUMBER(E8),LN(E8),"")
A9: 8 | B9: 9 | C9: =Life_Evolution_Nodes!E9 -> 370000000 | D9: =Life_Evolution_Nodes!E10 -> 312000000 | F9: =IF(ISNUMBER(E9),LN(E9),"")
A10: 9 | B10: 10 | C10: =Life_Evolution_Nodes!E10 -> 312000000 | D10: =Life_Evolution_Nodes!E11 -> 210000000 | F10: =IF(ISNUMBER(E10),LN(E10),"")
A11: 10 | B11: 11 | C11: =Life_Evolution_Nodes!E11 -> 210000000 | D11: =Life_Evolution_Nodes!E12 -> 66000000 | F11: =IF(ISNUMBER(E11),LN(E11),"")
A12: 11 | B12: 12 | C12: =Life_Evolution_Nodes!E12 -> 66000000 | D12: =Life_Evolution_Nodes!E13 -> 25000000 | F12: =IF(ISNUMBER(E12),LN(E12),"")
A13: 12 | B13: 13 | C13: =Life_Evolution_Nodes!E13 -> 25000000 | D13: =Life_Evolution_Nodes!E14 -> 7000000 | F13: =IF(ISNUMBER(E13),LN(E13),"")
A14: 13 | B14: 14 | C14: =Life_Evolution_Nodes!E14 -> 7000000 | D14: =Life_Evolution_Nodes!E15 -> 300000 | F14: =IF(ISNUMBER(E14),LN(E14),"")

Sheet Model_Fit
A1: Sequence | B1: n_range | C1: Intercept_ln_dt0 | D1: Slope_ln_r | E1: Decay_r | F1: R_squared | G1: Notes
A2: Civilization | B2: n=1..13 | C2: =INDEX(LINEST(Civilization_Intervals!F2:F14,Civilization_Intervals!A2:A14,TRUE,TRUE),1,2) -> #VALUE! | D2: =INDEX(LINEST(Civilization_Intervals!F2:F14,Civilization_Intervals!A2:A14,TRUE,TRUE),1,1) -> #VALUE! | E2: =EXP(D2) -> #VALUE! | F2: =INDEX(LINEST(Civilization_Intervals!F2:F14,Civilization_Intervals!A2:A14,TRUE,TRUE),3,1) -> #VALUE! | G2: Natural log; r = exp(slope).
A3: Life | B3: n=1..13 | C3: =INDEX(LINEST(Life_Intervals!F2:F14,Life_Intervals!A2:A14,TRUE,TRUE),1,2) -> #VALUE! | D3: =INDEX(LINEST(Life_Intervals!F2:F14,Life_Intervals!A2:A14,TRUE,TRUE),1,1) -> #VALUE! | E3: =EXP(D3) -> #VALUE! | F3: =INDEX(LINEST(Life_Intervals!F2:F14,Life_Intervals!A2:A14,TRUE,TRUE),3,1) -> #VALUE! | G3: Natural log; r = exp(slope).

Sheet Forecast_Window
A1: Sequence | B1: Forecast_Output | C1: Calendar_Year_CE | D1: BP_relative_to_2025 | E1: Description | F1: Method_Linkage | G1: Notes
A2: Civilization | B2: Predicted civilizational transition window | C2: 2035 | D2: -10 | E2: Extrapolated future transition (singularity) window derived from fitted exponential-decay interval model. | F2: See Methods: extrapolation adds predicted next interval to latest known node time; Figures 1–2 map to 2035±W. | G2: BP is negative because Present_Year_for_BP is 2025. Keep as forecast output; do not mix with observed node timestamps.
